key,value
ISO3,CHE
HDR Country Name,Switzerland
Human Development Groups,Very High
UNDP Developeing Regions,
HDI Rank (2023),2
Human Development Index (value) (1990),0.858
Human Development Index (value) (1991),0.86
Human Development Index (value) (1992),0.863
Human Development Index (value) (1993),0.867
Human Development Index (value) (1994),0.87
Human Development Index (value) (1995),0.872
Human Development Index (value) (1996),0.875
Human Development Index (value) (1997),0.88
Human Development Index (value) (1998),0.886
Human Development Index (value) (1999),0.889
Human Development Index (value) (2000),0.892
Human Development Index (value) (2001),0.895
Human Development Index (value) (2002),0.896
Human Development Index (value) (2003),0.901
Human Development Index (value) (2004),0.906
Human Development Index (value) (2005),0.909
Human Development Index (value) (2006),0.918
Human Development Index (value) (2007),0.926
Human Development Index (value) (2008),0.934
Human Development Index (value) (2009),0.942
Human Development Index (value) (2010),0.945
Human Development Index (value) (2011),0.946
Human Development Index (value) (2012),0.949
Human Development Index (value) (2013),0.952
Human Development Index (value) (2014),0.956
Human Development Index (value) (2015),0.957
Human Development Index (value) (2016),0.959
Human Development Index (value) (2017),0.96
Human Development Index (value) (2018),0.962
Human Development Index (value) (2019),0.965
Human Development Index (value) (2020),0.963
Human Development Index (value) (2021),0.968
Human Development Index (value) (2022),0.966
Human Development Index (value) (2023),0.97
Life Expectancy at Birth (years) (1990),77.385
Life Expectancy at Birth (years) (1991),77.648
Life Expectancy at Birth (years) (1992),77.944
Life Expectancy at Birth (years) (1993),78.234
Life Expectancy at Birth (years) (1994),78.495
Life Expectancy at Birth (years) (1995),78.565
Life Expectancy at Birth (years) (1996),79.049
Life Expectancy at Birth (years) (1997),79.233
Life Expectancy at Birth (years) (1998),79.475
Life Expectancy at Birth (years) (1999),79.724
Life Expectancy at Birth (years) (2000),79.834
Life Expectancy at Birth (years) (2001),80.251
Life Expectancy at Birth (years) (2002),80.444
Life Expectancy at Birth (years) (2003),80.532
Life Expectancy at Birth (years) (2004),81.055
Life Expectancy at Birth (years) (2005),81.236
Life Expectancy at Birth (years) (2006),81.549
Life Expectancy at Birth (years) (2007),81.703
Life Expectancy at Birth (years) (2008),81.971
Life Expectancy at Birth (years) (2009),81.989
Life Expectancy at Birth (years) (2010),82.287
Life Expectancy at Birth (years) (2011),82.574
Life Expectancy at Birth (years) (2012),82.617
Life Expectancy at Birth (years) (2013),82.689
Life Expectancy at Birth (years) (2014),83.084
Life Expectancy at Birth (years) (2015),82.846
Life Expectancy at Birth (years) (2016),83.446
Life Expectancy at Birth (years) (2017),83.414
Life Expectancy at Birth (years) (2018),83.564
Life Expectancy at Birth (years) (2019),83.78
Life Expectancy at Birth (years) (2020),83.063
Life Expectancy at Birth (years) (2021),83.648
Life Expectancy at Birth (years) (2022),83.2
Life Expectancy at Birth (years) (2023),83.954
Expected Years of Schooling (years) (1990),13.49625969
Expected Years of Schooling (years) (1991),13.60527039
Expected Years of Schooling (years) (1992),13.8107996
Expected Years of Schooling (years) (1993),14.12714958
Expected Years of Schooling (years) (1994),14.25086021
Expected Years of Schooling (years) (1995),14.39243984
Expected Years of Schooling (years) (1996),14.45893955
Expected Years of Schooling (years) (1997),14.69438457
Expected Years of Schooling (years) (1998),14.9298296
Expected Years of Schooling (years) (1999),14.97961998
Expected Years of Schooling (years) (2000),15.03796959
Expected Years of Schooling (years) (2001),15.06583977
Expected Years of Schooling (years) (2002),14.96234989
Expected Years of Schooling (years) (2003),15.10202026
Expected Years of Schooling (years) (2004),15.18083
Expected Years of Schooling (years) (2005),15.22286034
Expected Years of Schooling (years) (2006),15.31324959
Expected Years of Schooling (years) (2007),15.42905998
Expected Years of Schooling (years) (2008),15.48637962
Expected Years of Schooling (years) (2009),15.51601982
Expected Years of Schooling (years) (2010),15.6798296
Expected Years of Schooling (years) (2011),15.6731596
Expected Years of Schooling (years) (2012),15.82800961
Expected Years of Schooling (years) (2013),16.02375984
Expected Years of Schooling (years) (2014),16.08971977
Expected Years of Schooling (years) (2015),16.1556797
Expected Years of Schooling (years) (2016),16.1342907
Expected Years of Schooling (years) (2017),16.16839981
Expected Years of Schooling (years) (2018),16.25905037
Expected Years of Schooling (years) (2019),16.3445797
Expected Years of Schooling (years) (2020),16.43366051
Expected Years of Schooling (years) (2021),16.5837307
Expected Years of Schooling (years) (2022),16.66753006
Expected Years of Schooling (years) (2023),16.66753006
Mean Years of Schooling (years) (1990),10.53429956
Mean Years of Schooling (years) (1991),10.52396168
Mean Years of Schooling (years) (1992),10.5136238
Mean Years of Schooling (years) (1993),10.50328592
Mean Years of Schooling (years) (1994),10.49294804
Mean Years of Schooling (years) (1995),10.48261016
Mean Years of Schooling (years) (1996),10.5136238
Mean Years of Schooling (years) (1997),10.54463744
Mean Years of Schooling (years) (1998),10.57565108
Mean Years of Schooling (years) (1999),10.60666472
Mean Years of Schooling (years) (2000),10.63767836
Mean Years of Schooling (years) (2001),10.75139504
Mean Years of Schooling (years) (2002),10.86511172
Mean Years of Schooling (years) (2003),10.9788284
Mean Years of Schooling (years) (2004),11.09254507
Mean Years of Schooling (years) (2005),11.20626175
Mean Years of Schooling (years) (2006),11.73969635
Mean Years of Schooling (years) (2007),12.27313095
Mean Years of Schooling (years) (2008),12.80656555
Mean Years of Schooling (years) (2009),13.34000015
Mean Years of Schooling (years) (2010),13.31999969
Mean Years of Schooling (years) (2011),13.32999992
Mean Years of Schooling (years) (2012),13.40999985
Mean Years of Schooling (years) (2013),13.5250001
Mean Years of Schooling (years) (2014),13.64000034
Mean Years of Schooling (years) (2015),13.71000004
Mean Years of Schooling (years) (2016),13.67000008
Mean Years of Schooling (years) (2017),13.73500013
Mean Years of Schooling (years) (2018),13.80000019
Mean Years of Schooling (years) (2019),13.85999966
Mean Years of Schooling (years) (2020),13.90448897
Mean Years of Schooling (years) (2021),13.94912109
Mean Years of Schooling (years) (2022),13.94912109
Mean Years of Schooling (years) (2023),13.94912109
Gross National Income Per Capita (2021 PPP$) (1990),68591.56107
Gross National Income Per Capita (2021 PPP$) (1991),67185.12573
Gross National Income Per Capita (2021 PPP$) (1992),66206.39259
Gross National Income Per Capita (2021 PPP$) (1993),65820.58618
Gross National Income Per Capita (2021 PPP$) (1994),65583.71317
Gross National Income Per Capita (2021 PPP$) (1995),66015.31255
Gross National Income Per Capita (2021 PPP$) (1996),66027.44431
Gross National Income Per Capita (2021 PPP$) (1997),67889.49624
Gross National Income Per Capita (2021 PPP$) (1998),70277.91663
Gross National Income Per Capita (2021 PPP$) (1999),71756.26319
Gross National Income Per Capita (2021 PPP$) (2000),74302.98283
Gross National Income Per Capita (2021 PPP$) (2001),73206.67357
Gross National Income Per Capita (2021 PPP$) (2002),72444.27042
Gross National Income Per Capita (2021 PPP$) (2003),75080.04049
Gross National Income Per Capita (2021 PPP$) (2004),75988.94832
Gross National Income Per Capita (2021 PPP$) (2005),78661.01112
Gross National Income Per Capita (2021 PPP$) (2006),80425.10407
Gross National Income Per Capita (2021 PPP$) (2007),77405.79709
Gross National Income Per Capita (2021 PPP$) (2008),72847.79552
Gross National Income Per Capita (2021 PPP$) (2009),76884.51324
Gross National Income Per Capita (2021 PPP$) (2010),81900.20392
Gross National Income Per Capita (2021 PPP$) (2011),78996.10126
Gross National Income Per Capita (2021 PPP$) (2012),80093.92938
Gross National Income Per Capita (2021 PPP$) (2013),79770.57698
Gross National Income Per Capita (2021 PPP$) (2014),79041.54726
Gross National Income Per Capita (2021 PPP$) (2015),80606.20914
Gross National Income Per Capita (2021 PPP$) (2016),79016.00197
Gross National Income Per Capita (2021 PPP$) (2017),77993.2677
Gross National Income Per Capita (2021 PPP$) (2018),77788.62854
Gross National Income Per Capita (2021 PPP$) (2019),78234.45513
Gross National Income Per Capita (2021 PPP$) (2020),74518.43775
Gross National Income Per Capita (2021 PPP$) (2021),80307.72449
Gross National Income Per Capita (2021 PPP$) (2022),82399.82968
Gross National Income Per Capita (2021 PPP$) (2023),81948.90177
GDI Group (2023),1
Gender Development Index (value) (1990),0.944
Gender Development Index (value) (1991),0.948
Gender Development Index (value) (1992),0.947
Gender Development Index (value) (1993),0.943
Gender Development Index (value) (1994),0.943
Gender Development Index (value) (1995),0.943
Gender Development Index (value) (1996),0.944
Gender Development Index (value) (1997),0.946
Gender Development Index (value) (1998),0.952
Gender Development Index (value) (1999),0.942
Gender Development Index (value) (2000),0.946
Gender Development Index (value) (2001),0.947
Gender Development Index (value) (2002),0.945
Gender Development Index (value) (2003),0.948
Gender Development Index (value) (2004),0.951
Gender Development Index (value) (2005),0.955
Gender Development Index (value) (2006),0.957
Gender Development Index (value) (2007),0.957
Gender Development Index (value) (2008),0.956
Gender Development Index (value) (2009),0.96
Gender Development Index (value) (2010),0.964
Gender Development Index (value) (2011),0.964
Gender Development Index (value) (2012),0.964
Gender Development Index (value) (2013),0.966
Gender Development Index (value) (2014),0.966
Gender Development Index (value) (2015),0.969
Gender Development Index (value) (2016),0.965
Gender Development Index (value) (2017),0.968
Gender Development Index (value) (2018),0.967
Gender Development Index (value) (2019),0.969
Gender Development Index (value) (2020),0.97
Gender Development Index (value) (2021),0.976
Gender Development Index (value) (2022),0.98
Gender Development Index (value) (2023),0.977
HDI female (1990),0.825640309
HDI female (1991),0.830243622
HDI female (1992),0.833316074
HDI female (1993),0.835810588
HDI female (1994),0.838516925
HDI female (1995),0.840166298
HDI female (1996),0.844339358
HDI female (1997),0.849267956
HDI female (1998),0.856896349
HDI female (1999),0.849637332
HDI female (2000),0.853769079
HDI female (2001),0.858612757
HDI female (2002),0.859159432
HDI female (2003),0.865286809
HDI female (2004),0.871841651
HDI female (2005),0.878077154
HDI female (2006),0.888723186
HDI female (2007),0.895935653
HDI female (2008),0.902384202
HDI female (2009),0.912607091
HDI female (2010),0.919242114
HDI female (2011),0.919882934
HDI female (2012),0.923055882
HDI female (2013),0.92773715
HDI female (2014),0.932282863
HDI female (2015),0.934789704
HDI female (2016),0.934490713
HDI female (2017),0.936770137
HDI female (2018),0.938678039
HDI female (2019),0.942434223
HDI female (2020),0.939906469
HDI female (2021),0.949794027
HDI female (2022),0.951503133
HDI female (2023),0.953671113
"Life Expectancy at Birth, female (years) (1990)",80.713
"Life Expectancy at Birth, female (years) (1991)",81.096
"Life Expectancy at Birth, female (years) (1992)",81.325
"Life Expectancy at Birth, female (years) (1993)",81.416
"Life Expectancy at Birth, female (years) (1994)",81.695
"Life Expectancy at Birth, female (years) (1995)",81.683
"Life Expectancy at Birth, female (years) (1996)",81.981
"Life Expectancy at Birth, female (years) (1997)",82.026
"Life Expectancy at Birth, female (years) (1998)",82.462
"Life Expectancy at Birth, female (years) (1999)",82.473
"Life Expectancy at Birth, female (years) (2000)",82.557
"Life Expectancy at Birth, female (years) (2001)",82.954
"Life Expectancy at Birth, female (years) (2002)",82.948
"Life Expectancy at Birth, female (years) (2003)",82.979
"Life Expectancy at Birth, female (years) (2004)",83.472
"Life Expectancy at Birth, female (years) (2005)",83.698
"Life Expectancy at Birth, female (years) (2006)",83.847
"Life Expectancy at Birth, female (years) (2007)",83.955
"Life Expectancy at Birth, female (years) (2008)",84.176
"Life Expectancy at Birth, female (years) (2009)",84.18
"Life Expectancy at Birth, female (years) (2010)",84.364
"Life Expectancy at Birth, female (years) (2011)",84.68
"Life Expectancy at Birth, female (years) (2012)",84.614
"Life Expectancy at Birth, female (years) (2013)",84.726
"Life Expectancy at Birth, female (years) (2014)",85.102
"Life Expectancy at Birth, female (years) (2015)",84.883
"Life Expectancy at Birth, female (years) (2016)",85.217
"Life Expectancy at Birth, female (years) (2017)",85.355
"Life Expectancy at Birth, female (years) (2018)",85.37
"Life Expectancy at Birth, female (years) (2019)",85.561
"Life Expectancy at Birth, female (years) (2020)",85.073
"Life Expectancy at Birth, female (years) (2021)",85.606
"Life Expectancy at Birth, female (years) (2022)",85.374
"Life Expectancy at Birth, female (years) (2023)",85.833
"Expected Years of Schooling, female (years) (1990)",12.90629959
"Expected Years of Schooling, female (years) (1991)",13.02548027
"Expected Years of Schooling, female (years) (1992)",13.25387001
"Expected Years of Schooling, female (years) (1993)",13.44639969
"Expected Years of Schooling, female (years) (1994)",13.59809017
"Expected Years of Schooling, female (years) (1995)",13.74744034
"Expected Years of Schooling, female (years) (1996)",13.82812023
"Expected Years of Schooling, female (years) (1997)",14.13703012
"Expected Years of Schooling, female (years) (1998)",14.44594002
"Expected Years of Schooling, female (years) (1999)",14.53687
"Expected Years of Schooling, female (years) (2000)",14.67870045
"Expected Years of Schooling, female (years) (2001)",14.72665977
"Expected Years of Schooling, female (years) (2002)",14.62104988
"Expected Years of Schooling, female (years) (2003)",14.78816032
"Expected Years of Schooling, female (years) (2004)",14.8867197
"Expected Years of Schooling, female (years) (2005)",14.96555042
"Expected Years of Schooling, female (years) (2006)",15.08378983
"Expected Years of Schooling, female (years) (2007)",15.23834038
"Expected Years of Schooling, female (years) (2008)",15.34189987
"Expected Years of Schooling, female (years) (2009)",15.41244984
"Expected Years of Schooling, female (years) (2010)",15.58465958
"Expected Years of Schooling, female (years) (2011)",15.55478954
"Expected Years of Schooling, female (years) (2012)",15.72142029
"Expected Years of Schooling, female (years) (2013)",15.96755028
"Expected Years of Schooling, female (years) (2014)",16.03940487
"Expected Years of Schooling, female (years) (2015)",16.11125946
"Expected Years of Schooling, female (years) (2016)",16.07568932
"Expected Years of Schooling, female (years) (2017)",16.15349007
"Expected Years of Schooling, female (years) (2018)",16.24295998
"Expected Years of Schooling, female (years) (2019)",16.34181976
"Expected Years of Schooling, female (years) (2020)",16.46332932
"Expected Years of Schooling, female (years) (2021)",16.67786026
"Expected Years of Schooling, female (years) (2022)",16.79874992
"Expected Years of Schooling, female (years) (2023)",16.79874992
"Mean Years of Schooling, female (years) (1990)",9.757216208
"Mean Years of Schooling, female (years) (1991)",9.742822001
"Mean Years of Schooling, female (years) (1992)",9.728427794
"Mean Years of Schooling, female (years) (1993)",9.714033586
"Mean Years of Schooling, female (years) (1994)",9.699639379
"Mean Years of Schooling, female (years) (1995)",9.685245172
"Mean Years of Schooling, female (years) (1996)",9.681132541
"Mean Years of Schooling, female (years) (1997)",9.67701991
"Mean Years of Schooling, female (years) (1998)",9.67290728
"Mean Years of Schooling, female (years) (1999)",9.668794649
"Mean Years of Schooling, female (years) (2000)",9.664682018
"Mean Years of Schooling, female (years) (2001)",9.843581452
"Mean Years of Schooling, female (years) (2002)",10.02248088
"Mean Years of Schooling, female (years) (2003)",10.20138032
"Mean Years of Schooling, female (years) (2004)",10.38027975
"Mean Years of Schooling, female (years) (2005)",10.55917918
"Mean Years of Schooling, female (years) (2006)",11.11438432
"Mean Years of Schooling, female (years) (2007)",11.66958946
"Mean Years of Schooling, female (years) (2008)",12.2247946
"Mean Years of Schooling, female (years) (2009)",12.77999973
"Mean Years of Schooling, female (years) (2010)",12.81000042
"Mean Years of Schooling, female (years) (2011)",12.81999969
"Mean Years of Schooling, female (years) (2012)",12.90999985
"Mean Years of Schooling, female (years) (2013)",13.03499985
"Mean Years of Schooling, female (years) (2014)",13.15999985
"Mean Years of Schooling, female (years) (2015)",13.27000046
"Mean Years of Schooling, female (years) (2016)",13.19999981
"Mean Years of Schooling, female (years) (2017)",13.29500008
"Mean Years of Schooling, female (years) (2018)",13.39000034
"Mean Years of Schooling, female (years) (2019)",13.47999954
"Mean Years of Schooling, female (years) (2020)",13.54510128
"Mean Years of Schooling, female (years) (2021)",13.61051744
"Mean Years of Schooling, female (years) (2022)",13.61051744
"Mean Years of Schooling, female (years) (2023)",13.61051744
"Gross National Income Per Capita, female (2021 PPP$) (1990)",43904.5275
"Gross National Income Per Capita, female (2021 PPP$) (1991)",45539.37751
"Gross National Income Per Capita, female (2021 PPP$) (1992)",45172.00438
"Gross National Income Per Capita, female (2021 PPP$) (1993)",45286.86558
"Gross National Income Per Capita, female (2021 PPP$) (1994)",45185.5108
"Gross National Income Per Capita, female (2021 PPP$) (1995)",45428.8858
"Gross National Income Per Capita, female (2021 PPP$) (1996)",47383.21355
"Gross National Income Per Capita, female (2021 PPP$) (1997)",48817.64394
"Gross National Income Per Capita, female (2021 PPP$) (1998)",51240.14375
"Gross National Income Per Capita, female (2021 PPP$) (1999)",42870.4365
"Gross National Income Per Capita, female (2021 PPP$) (2000)",44989.89278
"Gross National Income Per Capita, female (2021 PPP$) (2001)",45110.32289
"Gross National Income Per Capita, female (2021 PPP$) (2002)",44537.65272
"Gross National Income Per Capita, female (2021 PPP$) (2003)",46367.86432
"Gross National Income Per Capita, female (2021 PPP$) (2004)",47231.01635
"Gross National Income Per Capita, female (2021 PPP$) (2005)",49319.73325
"Gross National Income Per Capita, female (2021 PPP$) (2006)",51109.44676
"Gross National Income Per Capita, female (2021 PPP$) (2007)",49243.5298
"Gross National Income Per Capita, female (2021 PPP$) (2008)",46853.06694
"Gross National Income Per Capita, female (2021 PPP$) (2009)",49678.40434
"Gross National Income Per Capita, female (2021 PPP$) (2010)",53546.39513
"Gross National Income Per Capita, female (2021 PPP$) (2011)",52737.05996
"Gross National Income Per Capita, female (2021 PPP$) (2012)",53589.39706
"Gross National Income Per Capita, female (2021 PPP$) (2013)",53847.17228
"Gross National Income Per Capita, female (2021 PPP$) (2014)",54407.60052
"Gross National Income Per Capita, female (2021 PPP$) (2015)",56215.7036
"Gross National Income Per Capita, female (2021 PPP$) (2016)",55312.98197
"Gross National Income Per Capita, female (2021 PPP$) (2017)",55006.26397
"Gross National Income Per Capita, female (2021 PPP$) (2018)",54849.65583
"Gross National Income Per Capita, female (2021 PPP$) (2019)",55745.60196
"Gross National Income Per Capita, female (2021 PPP$) (2020)",53538.52293
"Gross National Income Per Capita, female (2021 PPP$) (2021)",58495.8225
"Gross National Income Per Capita, female (2021 PPP$) (2022)",60557.3136
"Gross National Income Per Capita, female (2021 PPP$) (2023)",60384.52515
HDI male (1990),0.874268962
HDI male (1991),0.876110648
HDI male (1992),0.879820509
HDI male (1993),0.886669526
HDI male (1994),0.888847417
HDI male (1995),0.890986838
HDI male (1996),0.894786276
HDI male (1997),0.897979046
HDI male (1998),0.899958926
HDI male (1999),0.902418209
HDI male (2000),0.902861286
HDI male (2001),0.90654536
HDI male (2002),0.908947874
HDI male (2003),0.912374908
HDI male (2004),0.917183474
HDI male (2005),0.919466392
HDI male (2006),0.928599232
HDI male (2007),0.936598557
HDI male (2008),0.944374189
HDI male (2009),0.95053664
HDI male (2010),0.953287692
HDI male (2011),0.954610565
HDI male (2012),0.957815764
HDI male (2013),0.960745066
HDI male (2014),0.964642226
HDI male (2015),0.964433658
HDI male (2016),0.968212117
HDI male (2017),0.967739494
HDI male (2018),0.970438435
HDI male (2019),0.972792055
HDI male (2020),0.969024735
HDI male (2021),0.97328807
HDI male (2022),0.970588114
HDI male (2023),0.975712172
"Life Expectancy at Birth, male (years) (1990)",73.956
"Life Expectancy at Birth, male (years) (1991)",74.109
"Life Expectancy at Birth, male (years) (1992)",74.45
"Life Expectancy at Birth, male (years) (1993)",74.904
"Life Expectancy at Birth, male (years) (1994)",75.137
"Life Expectancy at Birth, male (years) (1995)",75.292
"Life Expectancy at Birth, male (years) (1996)",75.935
"Life Expectancy at Birth, male (years) (1997)",76.243
"Life Expectancy at Birth, male (years) (1998)",76.314
"Life Expectancy at Birth, male (years) (1999)",76.778
"Life Expectancy at Birth, male (years) (2000)",76.918
"Life Expectancy at Birth, male (years) (2001)",77.349
"Life Expectancy at Birth, male (years) (2002)",77.731
"Life Expectancy at Birth, male (years) (2003)",77.887
"Life Expectancy at Birth, male (years) (2004)",78.434
"Life Expectancy at Birth, male (years) (2005)",78.578
"Life Expectancy at Birth, male (years) (2006)",79.034
"Life Expectancy at Birth, male (years) (2007)",79.25
"Life Expectancy at Birth, male (years) (2008)",79.571
"Life Expectancy at Birth, male (years) (2009)",79.628
"Life Expectancy at Birth, male (years) (2010)",80.028
"Life Expectancy at Birth, male (years) (2011)",80.289
"Life Expectancy at Birth, male (years) (2012)",80.457
"Life Expectancy at Birth, male (years) (2013)",80.509
"Life Expectancy at Birth, male (years) (2014)",80.92
"Life Expectancy at Birth, male (years) (2015)",80.695
"Life Expectancy at Birth, male (years) (2016)",81.525
"Life Expectancy at Birth, male (years) (2017)",81.365
"Life Expectancy at Birth, male (years) (2018)",81.641
"Life Expectancy at Birth, male (years) (2019)",81.897
"Life Expectancy at Birth, male (years) (2020)",80.996
"Life Expectancy at Birth, male (years) (2021)",81.621
"Life Expectancy at Birth, male (years) (2022)",80.998
"Life Expectancy at Birth, male (years) (2023)",82.009
"Expected Years of Schooling, male (years) (1990)",14.06952
"Expected Years of Schooling, male (years) (1991)",14.17208958
"Expected Years of Schooling, male (years) (1992)",14.36063957
"Expected Years of Schooling, male (years) (1993)",14.79522991
"Expected Years of Schooling, male (years) (1994)",14.8919096
"Expected Years of Schooling, male (years) (1995)",15.02375031
"Expected Years of Schooling, male (years) (1996)",15.07750034
"Expected Years of Schooling, male (years) (1997)",15.23865032
"Expected Years of Schooling, male (years) (1998)",15.3998003
"Expected Years of Schooling, male (years) (1999)",15.41431999
"Expected Years of Schooling, male (years) (2000)",15.39361
"Expected Years of Schooling, male (years) (2001)",15.39630032
"Expected Years of Schooling, male (years) (2002)",15.30002022
"Expected Years of Schooling, male (years) (2003)",15.41277027
"Expected Years of Schooling, male (years) (2004)",15.46988964
"Expected Years of Schooling, male (years) (2005)",15.47904015
"Expected Years of Schooling, male (years) (2006)",15.54144955
"Expected Years of Schooling, male (years) (2007)",15.61935997
"Expected Years of Schooling, male (years) (2008)",15.62967014
"Expected Years of Schooling, male (years) (2009)",15.61907959
"Expected Years of Schooling, male (years) (2010)",15.77602005
"Expected Years of Schooling, male (years) (2011)",15.78785038
"Expected Years of Schooling, male (years) (2012)",15.93212032
"Expected Years of Schooling, male (years) (2013)",16.07949066
"Expected Years of Schooling, male (years) (2014)",16.13985538
"Expected Years of Schooling, male (years) (2015)",16.20022011
"Expected Years of Schooling, male (years) (2016)",16.19247055
"Expected Years of Schooling, male (years) (2017)",16.18490028
"Expected Years of Schooling, male (years) (2018)",16.27742004
"Expected Years of Schooling, male (years) (2019)",16.35108948
"Expected Years of Schooling, male (years) (2020)",16.4090004
"Expected Years of Schooling, male (years) (2021)",16.49819946
"Expected Years of Schooling, male (years) (2022)",16.54634094
"Expected Years of Schooling, male (years) (2023)",16.54634094
"Mean Years of Schooling, male (years) (1990)",11.35666931
"Mean Years of Schooling, male (years) (1991)",11.35458933
"Mean Years of Schooling, male (years) (1992)",11.35250936
"Mean Years of Schooling, male (years) (1993)",11.35042938
"Mean Years of Schooling, male (years) (1994)",11.3483494
"Mean Years of Schooling, male (years) (1995)",11.34626943
"Mean Years of Schooling, male (years) (1996)",11.34210948
"Mean Years of Schooling, male (years) (1997)",11.33794952
"Mean Years of Schooling, male (years) (1998)",11.33378957
"Mean Years of Schooling, male (years) (1999)",11.32962962
"Mean Years of Schooling, male (years) (2000)",11.32546967
"Mean Years of Schooling, male (years) (2001)",11.4440283
"Mean Years of Schooling, male (years) (2002)",11.56258694
"Mean Years of Schooling, male (years) (2003)",11.68114557
"Mean Years of Schooling, male (years) (2004)",11.79970421
"Mean Years of Schooling, male (years) (2005)",11.91826285
"Mean Years of Schooling, male (years) (2006)",12.42369703
"Mean Years of Schooling, male (years) (2007)",12.92913121
"Mean Years of Schooling, male (years) (2008)",13.4345654
"Mean Years of Schooling, male (years) (2009)",13.93999958
"Mean Years of Schooling, male (years) (2010)",13.86999989
"Mean Years of Schooling, male (years) (2011)",13.85999966
"Mean Years of Schooling, male (years) (2012)",13.93999958
"Mean Years of Schooling, male (years) (2013)",14.0449996
"Mean Years of Schooling, male (years) (2014)",14.14999962
"Mean Years of Schooling, male (years) (2015)",14.18000031
"Mean Years of Schooling, male (years) (2016)",14.14999962
"Mean Years of Schooling, male (years) (2017)",14.18499994
"Mean Years of Schooling, male (years) (2018)",14.22000027
"Mean Years of Schooling, male (years) (2019)",14.25
"Mean Years of Schooling, male (years) (2020)",14.27010707
"Mean Years of Schooling, male (years) (2021)",14.2902425
"Mean Years of Schooling, male (years) (2022)",14.2902425
"Mean Years of Schooling, male (years) (2023)",14.2902425
"Gross National Income Per Capita, male (2021 PPP$) (1990)",94458.06667
"Gross National Income Per Capita, male (2021 PPP$) (1991)",89852.10942
"Gross National Income Per Capita, male (2021 PPP$) (1992)",88239.35987
"Gross National Income Per Capita, male (2021 PPP$) (1993)",87324.27286
"Gross National Income Per Capita, male (2021 PPP$) (1994)",86943.9387
"Gross National Income Per Capita, male (2021 PPP$) (1995)",87578.12233
"Gross National Income Per Capita, male (2021 PPP$) (1996)",85563.11923
"Gross National Income Per Capita, male (2021 PPP$) (1997)",87875.03592
"Gross National Income Per Capita, male (2021 PPP$) (1998)",90225.40725
"Gross National Income Per Capita, male (2021 PPP$) (1999)",102003.4759
"Gross National Income Per Capita, male (2021 PPP$) (2000)",104982.0627
"Gross National Income Per Capita, male (2021 PPP$) (2001)",102612.3705
"Gross National Income Per Capita, male (2021 PPP$) (2002)",101630.7617
"Gross National Income Per Capita, male (2021 PPP$) (2003)",105074.3709
"Gross National Income Per Capita, male (2021 PPP$) (2004)",105998.0016
"Gross National Income Per Capita, male (2021 PPP$) (2005)",109242.0707
"Gross National Income Per Capita, male (2021 PPP$) (2006)",110939.1215
"Gross National Income Per Capita, male (2021 PPP$) (2007)",106650.1376
"Gross National Income Per Capita, male (2021 PPP$) (2008)",99751.36612
"Gross National Income Per Capita, male (2021 PPP$) (2009)",104974.7685
"Gross National Income Per Capita, male (2021 PPP$) (2010)",111125.9144
"Gross National Income Per Capita, male (2021 PPP$) (2011)",106014.1882
"Gross National Income Per Capita, male (2021 PPP$) (2012)",107311.3946
"Gross National Income Per Capita, male (2021 PPP$) (2013)",106334.6621
"Gross National Income Per Capita, male (2021 PPP$) (2014)",104239.4416
"Gross National Income Per Capita, male (2021 PPP$) (2015)",105514.8658
"Gross National Income Per Capita, male (2021 PPP$) (2016)",103167.096
"Gross National Income Per Capita, male (2021 PPP$) (2017)",101374.8109
"Gross National Income Per Capita, male (2021 PPP$) (2018)",101111.4894
"Gross National Income Per Capita, male (2021 PPP$) (2019)",101088.4074
"Gross National Income Per Capita, male (2021 PPP$) (2020)",95823.21809
"Gross National Income Per Capita, male (2021 PPP$) (2021)",102439.6326
"Gross National Income Per Capita, male (2021 PPP$) (2022)",104551.2476
"Gross National Income Per Capita, male (2021 PPP$) (2023)",103807.5721
Inequality-adjusted Human Development Index (value) (2010),0.87
Inequality-adjusted Human Development Index (value) (2011),0.873
Inequality-adjusted Human Development Index (value) (2012),0.879
Inequality-adjusted Human Development Index (value) (2013),0.884
Inequality-adjusted Human Development Index (value) (2014),0.884
Inequality-adjusted Human Development Index (value) (2015),0.884
Inequality-adjusted Human Development Index (value) (2016),0.887
Inequality-adjusted Human Development Index (value) (2017),0.886
Inequality-adjusted Human Development Index (value) (2018),0.889
Inequality-adjusted Human Development Index (value) (2019),0.891
Inequality-adjusted Human Development Index (value) (2020),0.885
Inequality-adjusted Human Development Index (value) (2021),0.891
Inequality-adjusted Human Development Index (value) (2022),0.89
Inequality-adjusted Human Development Index (value) (2023),0.894
Coefficient of human inequality (2010),7.610542803
Coefficient of human inequality (2011),7.510459833
Coefficient of human inequality (2012),7.13789928
Coefficient of human inequality (2013),7.039557993
Coefficient of human inequality (2014),7.389523057
Coefficient of human inequality (2015),7.403342833
Coefficient of human inequality (2016),7.245019057
Coefficient of human inequality (2017),7.49285091
Coefficient of human inequality (2018),7.365603
Coefficient of human inequality (2019),7.447192393
Coefficient of human inequality (2020),7.80662061
Coefficient of human inequality (2021),7.63530868
Coefficient of human inequality (2022),7.589926526
Coefficient of human inequality (2023),7.517550192
Overall loss (%) (2010),7.936507937
Overall loss (%) (2011),7.716701903
Overall loss (%) (2012),7.376185458
Overall loss (%) (2013),7.142857143
Overall loss (%) (2014),7.531380753
Overall loss (%) (2015),7.62800418
Overall loss (%) (2016),7.507820647
Overall loss (%) (2017),7.708333333
Overall loss (%) (2018),7.588357588
Overall loss (%) (2019),7.668393782
Overall loss (%) (2020),8.099688474
Overall loss (%) (2021),7.954545455
Overall loss (%) (2022),7.867494824
Overall loss (%) (2023),7.835051546
Inequality in life expectancy (2010),3.6882615
Inequality in life expectancy (2011),3.6961267
Inequality in life expectancy (2012),3.5889311
Inequality in life expectancy (2013),3.671396
Inequality in life expectancy (2014),3.6586165
Inequality in life expectancy (2015),3.6826863
Inequality in life expectancy (2016),3.3488543
Inequality in life expectancy (2017),3.415688
Inequality in life expectancy (2018),3.3358386
Inequality in life expectancy (2019),3.2214117
Inequality in life expectancy (2020),3.4462941
Inequality in life expectancy (2021),3.2270031
Inequality in life expectancy (2022),3.3390603
Inequality in life expectancy (2023),3.1219313
Inequality in eduation (2010),2.34789
Inequality in eduation (2011),2.15938
Inequality in eduation (2012),2.14669
Inequality in eduation (2013),2.01408
Inequality in eduation (2014),2.27133
Inequality in eduation (2015),2.02677
Inequality in eduation (2016),1.93114
Inequality in eduation (2017),1.9112
Inequality in eduation (2018),1.82879
Inequality in eduation (2019),1.92055
Inequality in eduation (2020),2.01457
Inequality in eduation (2021),2.00997
Inequality in eduation (2022),1.761766337
Inequality in eduation (2023),1.761766337
Inequality in income (2010),16.79547691
Inequality in income (2011),16.6758728
Inequality in income (2012),15.67807674
Inequality in income (2013),15.43319798
Inequality in income (2014),16.23862267
Inequality in income (2015),16.5005722
Inequality in income (2016),16.45506287
Inequality in income (2017),17.15166473
Inequality in income (2018),16.9321804
Inequality in income (2019),17.19961548
Inequality in income (2020),17.95899773
Inequality in income (2021),17.66895294
Inequality in income (2022),17.66895294
Inequality in income (2023),17.66895294
GII Rank (2023),4
Gender Inequality Index (value) (1990),0.127
Gender Inequality Index (value) (1991),0.125
Gender Inequality Index (value) (1992),0.12
Gender Inequality Index (value) (1993),0.115
Gender Inequality Index (value) (1994),0.11
Gender Inequality Index (value) (1995),0.106
Gender Inequality Index (value) (1996),0.098
Gender Inequality Index (value) (1997),0.096
Gender Inequality Index (value) (1998),0.095
Gender Inequality Index (value) (1999),0.098
Gender Inequality Index (value) (2000),0.093
Gender Inequality Index (value) (2001),0.087
Gender Inequality Index (value) (2002),0.085
Gender Inequality Index (value) (2003),0.077
Gender Inequality Index (value) (2004),0.077
Gender Inequality Index (value) (2005),0.074
Gender Inequality Index (value) (2006),0.069
Gender Inequality Index (value) (2007),0.062
Gender Inequality Index (value) (2008),0.06
Gender Inequality Index (value) (2009),0.058
Gender Inequality Index (value) (2010),0.056
Gender Inequality Index (value) (2011),0.053
Gender Inequality Index (value) (2012),0.05
Gender Inequality Index (value) (2013),0.043
Gender Inequality Index (value) (2014),0.041
Gender Inequality Index (value) (2015),0.038
Gender Inequality Index (value) (2016),0.038
Gender Inequality Index (value) (2017),0.034
Gender Inequality Index (value) (2018),0.031
Gender Inequality Index (value) (2019),0.016
Gender Inequality Index (value) (2020),0.012
Gender Inequality Index (value) (2021),0.009
Gender Inequality Index (value) (2022),0.008
Gender Inequality Index (value) (2023),0.01
"Maternal Mortality Ratio (deaths per 100,000 live births) (1990)",10.49936852
"Maternal Mortality Ratio (deaths per 100,000 live births) (1991)",10.08207337
"Maternal Mortality Ratio (deaths per 100,000 live births) (1992)",9.861214998
"Maternal Mortality Ratio (deaths per 100,000 live births) (1993)",10.39312215
"Maternal Mortality Ratio (deaths per 100,000 live births) (1994)",10.61132223
"Maternal Mortality Ratio (deaths per 100,000 live births) (1995)",10.80300632
"Maternal Mortality Ratio (deaths per 100,000 live births) (1996)",9.574491401
"Maternal Mortality Ratio (deaths per 100,000 live births) (1997)",9.767166552
"Maternal Mortality Ratio (deaths per 100,000 live births) (1998)",7.863416626
"Maternal Mortality Ratio (deaths per 100,000 live births) (1999)",8.107547825
"Maternal Mortality Ratio (deaths per 100,000 live births) (2000)",7.9042388
"Maternal Mortality Ratio (deaths per 100,000 live births) (2001)",8.55248333
"Maternal Mortality Ratio (deaths per 100,000 live births) (2002)",9.188787676
"Maternal Mortality Ratio (deaths per 100,000 live births) (2003)",8.866634483
"Maternal Mortality Ratio (deaths per 100,000 live births) (2004)",8.942372527
"Maternal Mortality Ratio (deaths per 100,000 live births) (2005)",9.384615466
"Maternal Mortality Ratio (deaths per 100,000 live births) (2006)",8.906438002
"Maternal Mortality Ratio (deaths per 100,000 live births) (2007)",8.370134234
"Maternal Mortality Ratio (deaths per 100,000 live births) (2008)",8.244287093
"Maternal Mortality Ratio (deaths per 100,000 live births) (2009)",7.821249698
"Maternal Mortality Ratio (deaths per 100,000 live births) (2010)",8.119125216
"Maternal Mortality Ratio (deaths per 100,000 live births) (2011)",8.110373121
"Maternal Mortality Ratio (deaths per 100,000 live births) (2012)",7.393046154
"Maternal Mortality Ratio (deaths per 100,000 live births) (2013)",7.237780776
"Maternal Mortality Ratio (deaths per 100,000 live births) (2014)",6.7010067
"Maternal Mortality Ratio (deaths per 100,000 live births) (2015)",6.462582116
"Maternal Mortality Ratio (deaths per 100,000 live births) (2016)",8.056412169
"Maternal Mortality Ratio (deaths per 100,000 live births) (2017)",6.144131951
"Maternal Mortality Ratio (deaths per 100,000 live births) (2018)",7.434867581
"Maternal Mortality Ratio (deaths per 100,000 live births) (2019)",7.104538186
"Maternal Mortality Ratio (deaths per 100,000 live births) (2020)",7.378754713
"Maternal Mortality Ratio (deaths per 100,000 live births) (2021)",7.378754713
"Maternal Mortality Ratio (deaths per 100,000 live births) (2022)",7.378754713
"Maternal Mortality Ratio (deaths per 100,000 live births) (2023)",7.378754713
"Adolescent Birth Rate (births per 1,000 women ages 15-19) (1990)",7.371
"Adolescent Birth Rate (births per 1,000 women ages 15-19) (1991)",7.986
"Adolescent Birth Rate (births per 1,000 women ages 15-19) (1992)",7.551
"Adolescent Birth Rate (births per 1,000 women ages 15-19) (1993)",6.799
"Adolescent Birth Rate (births per 1,000 women ages 15-19) (1994)",6.09
"Adolescent Birth Rate (births per 1,000 women ages 15-19) (1995)",5.578
"Adolescent Birth Rate (births per 1,000 women ages 15-19) (1996)",5.62
"Adolescent Birth Rate (births per 1,000 women ages 15-19) (1997)",5.501
"Adolescent Birth Rate (births per 1,000 women ages 15-19) (1998)",5.584
"Adolescent Birth Rate (births per 1,000 women ages 15-19) (1999)",5.901
"Adolescent Birth Rate (births per 1,000 women ages 15-19) (2000)",5.939
"Adolescent Birth Rate (births per 1,000 women ages 15-19) (2001)",5.464
"Adolescent Birth Rate (births per 1,000 women ages 15-19) (2002)",5.4
"Adolescent Birth Rate (births per 1,000 women ages 15-19) (2003)",5.207
"Adolescent Birth Rate (births per 1,000 women ages 15-19) (2004)",5.182
"Adolescent Birth Rate (births per 1,000 women ages 15-19) (2005)",4.957
"Adolescent Birth Rate (births per 1,000 women ages 15-19) (2006)",4.516
"Adolescent Birth Rate (births per 1,000 women ages 15-19) (2007)",4.343
"Adolescent Birth Rate (births per 1,000 women ages 15-19) (2008)",4.259
"Adolescent Birth Rate (births per 1,000 women ages 15-19) (2009)",4.152
"Adolescent Birth Rate (births per 1,000 women ages 15-19) (2010)",3.96
"Adolescent Birth Rate (births per 1,000 women ages 15-19) (2011)",3.536
"Adolescent Birth Rate (births per 1,000 women ages 15-19) (2012)",3.429
"Adolescent Birth Rate (births per 1,000 women ages 15-19) (2013)",3.119
"Adolescent Birth Rate (births per 1,000 women ages 15-19) (2014)",2.963
"Adolescent Birth Rate (births per 1,000 women ages 15-19) (2015)",2.76
"Adolescent Birth Rate (births per 1,000 women ages 15-19) (2016)",2.829
"Adolescent Birth Rate (births per 1,000 women ages 15-19) (2017)",2.494
"Adolescent Birth Rate (births per 1,000 women ages 15-19) (2018)",2.334
"Adolescent Birth Rate (births per 1,000 women ages 15-19) (2019)",1.992
"Adolescent Birth Rate (births per 1,000 women ages 15-19) (2020)",1.671
"Adolescent Birth Rate (births per 1,000 women ages 15-19) (2021)",1.471
"Adolescent Birth Rate (births per 1,000 women ages 15-19) (2022)",1.386
"Adolescent Birth Rate (births per 1,000 women ages 15-19) (2023)",1.483
"Share of seats in parliament, female (% held by women) (1990)",20.32520325
"Share of seats in parliament, female (% held by women) (1991)",20.32520325
"Share of seats in parliament, female (% held by women) (1992)",20.32520325
"Share of seats in parliament, female (% held by women) (1993)",20.32520325
"Share of seats in parliament, female (% held by women) (1994)",20.32520325
"Share of seats in parliament, female (% held by women) (1995)",20.32520325
"Share of seats in parliament, female (% held by women) (1996)",20.32520325
"Share of seats in parliament, female (% held by women) (1997)",20.32520325
"Share of seats in parliament, female (% held by women) (1998)",20.32520325
"Share of seats in parliament, female (% held by women) (1999)",20.32520325
"Share of seats in parliament, female (% held by women) (2000)",22.35772358
"Share of seats in parliament, female (% held by women) (2001)",22.35772358
"Share of seats in parliament, female (% held by women) (2002)",22.35772358
"Share of seats in parliament, female (% held by women) (2003)",24.78991597
"Share of seats in parliament, female (% held by women) (2004)",24.79674797
"Share of seats in parliament, female (% held by women) (2005)",24.79674797
"Share of seats in parliament, female (% held by women) (2006)",24.79674797
"Share of seats in parliament, female (% held by women) (2007)",27.23577236
"Share of seats in parliament, female (% held by women) (2008)",27.23577236
"Share of seats in parliament, female (% held by women) (2009)",27.64227642
"Share of seats in parliament, female (% held by women) (2010)",27.64227642
"Share of seats in parliament, female (% held by women) (2011)",26.82926829
"Share of seats in parliament, female (% held by women) (2012)",27.23577236
"Share of seats in parliament, female (% held by women) (2013)",28.86178862
"Share of seats in parliament, female (% held by women) (2014)",28.86178862
"Share of seats in parliament, female (% held by women) (2015)",28.86178862
"Share of seats in parliament, female (% held by women) (2016)",28.86178862
"Share of seats in parliament, female (% held by women) (2017)",29.26829268
"Share of seats in parliament, female (% held by women) (2018)",29.26829268
"Share of seats in parliament, female (% held by women) (2019)",38.61788618
"Share of seats in parliament, female (% held by women) (2020)",38.61788618
"Share of seats in parliament, female (% held by women) (2021)",39.83739837
"Share of seats in parliament, female (% held by women) (2022)",39.02439024
"Share of seats in parliament, female (% held by women) (2023)",37.80487805
"Share of seats in parliament, male (% held by men) (1990)",79.67479675
"Share of seats in parliament, male (% held by men) (1991)",79.67479675
"Share of seats in parliament, male (% held by men) (1992)",79.67479675
"Share of seats in parliament, male (% held by men) (1993)",79.67479675
"Share of seats in parliament, male (% held by men) (1994)",79.67479675
"Share of seats in parliament, male (% held by men) (1995)",79.67479675
"Share of seats in parliament, male (% held by men) (1996)",79.67479675
"Share of seats in parliament, male (% held by men) (1997)",79.67479675
"Share of seats in parliament, male (% held by men) (1998)",79.67479675
"Share of seats in parliament, male (% held by men) (1999)",79.67479675
"Share of seats in parliament, male (% held by men) (2000)",77.64227642
"Share of seats in parliament, male (% held by men) (2001)",77.64227642
"Share of seats in parliament, male (% held by men) (2002)",77.64227642
"Share of seats in parliament, male (% held by men) (2003)",75.21008403
"Share of seats in parliament, male (% held by men) (2004)",75.20325203
"Share of seats in parliament, male (% held by men) (2005)",75.20325203
"Share of seats in parliament, male (% held by men) (2006)",75.20325203
"Share of seats in parliament, male (% held by men) (2007)",72.76422764
"Share of seats in parliament, male (% held by men) (2008)",72.76422764
"Share of seats in parliament, male (% held by men) (2009)",72.35772358
"Share of seats in parliament, male (% held by men) (2010)",72.35772358
"Share of seats in parliament, male (% held by men) (2011)",73.17073171
"Share of seats in parliament, male (% held by men) (2012)",72.76422764
"Share of seats in parliament, male (% held by men) (2013)",71.13821138
"Share of seats in parliament, male (% held by men) (2014)",71.13821138
"Share of seats in parliament, male (% held by men) (2015)",71.13821138
"Share of seats in parliament, male (% held by men) (2016)",71.13821138
"Share of seats in parliament, male (% held by men) (2017)",70.73170732
"Share of seats in parliament, male (% held by men) (2018)",70.73170732
"Share of seats in parliament, male (% held by men) (2019)",61.38211382
"Share of seats in parliament, male (% held by men) (2020)",61.38211382
"Share of seats in parliament, male (% held by men) (2021)",60.16260163
"Share of seats in parliament, male (% held by men) (2022)",60.97560976
"Share of seats in parliament, male (% held by men) (2023)",62.19512195
"Labour force participation rate, female (% ages 15 and older) (1990)",49.33
"Labour force participation rate, female (% ages 15 and older) (1991)",51.98
"Labour force participation rate, female (% ages 15 and older) (1992)",52.24
"Labour force participation rate, female (% ages 15 and older) (1993)",52.88
"Labour force participation rate, female (% ages 15 and older) (1994)",52.18
"Labour force participation rate, female (% ages 15 and older) (1995)",52.15
"Labour force participation rate, female (% ages 15 and older) (1996)",56.95
"Labour force participation rate, female (% ages 15 and older) (1997)",56.92
"Labour force participation rate, female (% ages 15 and older) (1998)",58.15
"Labour force participation rate, female (% ages 15 and older) (1999)",58.16
"Labour force participation rate, female (% ages 15 and older) (2000)",57.63
"Labour force participation rate, female (% ages 15 and older) (2001)",58.83
"Labour force participation rate, female (% ages 15 and older) (2002)",59.3
"Labour force participation rate, female (% ages 15 and older) (2003)",59.46
"Labour force participation rate, female (% ages 15 and older) (2004)",59.11
"Labour force participation rate, female (% ages 15 and older) (2005)",59.34
"Labour force participation rate, female (% ages 15 and older) (2006)",59.76
"Labour force participation rate, female (% ages 15 and older) (2007)",59.94
"Labour force participation rate, female (% ages 15 and older) (2008)",61.3
"Labour force participation rate, female (% ages 15 and older) (2009)",61.56
"Labour force participation rate, female (% ages 15 and older) (2010)",59.98
"Labour force participation rate, female (% ages 15 and older) (2011)",60.54
"Labour force participation rate, female (% ages 15 and older) (2012)",60.84
"Labour force participation rate, female (% ages 15 and older) (2013)",61.14
"Labour force participation rate, female (% ages 15 and older) (2014)",61.9
"Labour force participation rate, female (% ages 15 and older) (2015)",62.28
"Labour force participation rate, female (% ages 15 and older) (2016)",62.84
"Labour force participation rate, female (% ages 15 and older) (2017)",62.61
"Labour force participation rate, female (% ages 15 and older) (2018)",62.91
"Labour force participation rate, female (% ages 15 and older) (2019)",62.98
"Labour force participation rate, female (% ages 15 and older) (2020)",62.51
"Labour force participation rate, female (% ages 15 and older) (2021)",62.53
"Labour force participation rate, female (% ages 15 and older) (2022)",61.92
"Labour force participation rate, female (% ages 15 and older) (2023)",62.57
"Labour force participation rate, male (% ages 15 and older) (1990)",79.26
"Labour force participation rate, male (% ages 15 and older) (1991)",78.65
"Labour force participation rate, male (% ages 15 and older) (1992)",78.11
"Labour force participation rate, male (% ages 15 and older) (1993)",78.09
"Labour force participation rate, male (% ages 15 and older) (1994)",76.9
"Labour force participation rate, male (% ages 15 and older) (1995)",77.03
"Labour force participation rate, male (% ages 15 and older) (1996)",78.79
"Labour force participation rate, male (% ages 15 and older) (1997)",78.55
"Labour force participation rate, male (% ages 15 and older) (1998)",78.49
"Labour force participation rate, male (% ages 15 and older) (1999)",78.11
"Labour force participation rate, male (% ages 15 and older) (2000)",77.77
"Labour force participation rate, male (% ages 15 and older) (2001)",77.4
"Labour force participation rate, male (% ages 15 and older) (2002)",76.71
"Labour force participation rate, male (% ages 15 and older) (2003)",76.79
"Labour force participation rate, male (% ages 15 and older) (2004)",75.97
"Labour force participation rate, male (% ages 15 and older) (2005)",75.1
"Labour force participation rate, male (% ages 15 and older) (2006)",75.42
"Labour force participation rate, male (% ages 15 and older) (2007)",75.77
"Labour force participation rate, male (% ages 15 and older) (2008)",75.46
"Labour force participation rate, male (% ages 15 and older) (2009)",75.24
"Labour force participation rate, male (% ages 15 and older) (2010)",74.35
"Labour force participation rate, male (% ages 15 and older) (2011)",74.69
"Labour force participation rate, male (% ages 15 and older) (2012)",74.5
"Labour force participation rate, male (% ages 15 and older) (2013)",74.19
"Labour force participation rate, male (% ages 15 and older) (2014)",74.14
"Labour force participation rate, male (% ages 15 and older) (2015)",74.22
"Labour force participation rate, male (% ages 15 and older) (2016)",74.5
"Labour force participation rate, male (% ages 15 and older) (2017)",74.47
"Labour force participation rate, male (% ages 15 and older) (2018)",74.24
"Labour force participation rate, male (% ages 15 and older) (2019)",73.65
"Labour force participation rate, male (% ages 15 and older) (2020)",73.39
"Labour force participation rate, male (% ages 15 and older) (2021)",72.91
"Labour force participation rate, male (% ages 15 and older) (2022)",72.38
"Labour force participation rate, male (% ages 15 and older) (2023)",72.86
Difference from HDI rank (2023),-41
Planetary pressures-adjusted Human Development Index (value) (1990),0.671
Planetary pressures-adjusted Human Development Index (value) (1991),0.689
Planetary pressures-adjusted Human Development Index (value) (1992),0.69
Planetary pressures-adjusted Human Development Index (value) (1993),0.698
Planetary pressures-adjusted Human Development Index (value) (1994),0.694
Planetary pressures-adjusted Human Development Index (value) (1995),0.693
Planetary pressures-adjusted Human Development Index (value) (1996),0.701
Planetary pressures-adjusted Human Development Index (value) (1997),0.709
Planetary pressures-adjusted Human Development Index (value) (1998),0.705
Planetary pressures-adjusted Human Development Index (value) (1999),0.704
Planetary pressures-adjusted Human Development Index (value) (2000),0.705
Planetary pressures-adjusted Human Development Index (value) (2001),0.703
Planetary pressures-adjusted Human Development Index (value) (2002),0.715
Planetary pressures-adjusted Human Development Index (value) (2003),0.716
Planetary pressures-adjusted Human Development Index (value) (2004),0.717
Planetary pressures-adjusted Human Development Index (value) (2005),0.705
Planetary pressures-adjusted Human Development Index (value) (2006),0.708
Planetary pressures-adjusted Human Development Index (value) (2007),0.713
Planetary pressures-adjusted Human Development Index (value) (2008),0.717
Planetary pressures-adjusted Human Development Index (value) (2009),0.725
Planetary pressures-adjusted Human Development Index (value) (2010),0.717
Planetary pressures-adjusted Human Development Index (value) (2011),0.686
Planetary pressures-adjusted Human Development Index (value) (2012),0.703
Planetary pressures-adjusted Human Development Index (value) (2013),0.706
Planetary pressures-adjusted Human Development Index (value) (2014),0.725
Planetary pressures-adjusted Human Development Index (value) (2015),0.727
Planetary pressures-adjusted Human Development Index (value) (2016),0.723
Planetary pressures-adjusted Human Development Index (value) (2017),0.728
Planetary pressures-adjusted Human Development Index (value) (2018),0.738
Planetary pressures-adjusted Human Development Index (value) (2019),0.742
Planetary pressures-adjusted Human Development Index (value) (2020),0.731
Planetary pressures-adjusted Human Development Index (value) (2021),0.728
Planetary pressures-adjusted Human Development Index (value) (2022),0.736
Planetary pressures-adjusted Human Development Index (value) (2023),0.732
Difference from HDI value (%) (1990),21.79487179
Difference from HDI value (%) (1991),19.88372093
Difference from HDI value (%) (1992),20.04634994
Difference from HDI value (%) (1993),19.49250288
Difference from HDI value (%) (1994),20.22988506
Difference from HDI value (%) (1995),20.52752294
Difference from HDI value (%) (1996),19.88571429
Difference from HDI value (%) (1997),19.43181818
Difference from HDI value (%) (1998),20.42889391
Difference from HDI value (%) (1999),20.80989876
Difference from HDI value (%) (2000),20.96412556
Difference from HDI value (%) (2001),21.45251397
Difference from HDI value (%) (2002),20.20089286
Difference from HDI value (%) (2003),20.5327414
Difference from HDI value (%) (2004),20.86092715
Difference from HDI value (%) (2005),22.44224422
Difference from HDI value (%) (2006),22.87581699
Difference from HDI value (%) (2007),23.00215983
Difference from HDI value (%) (2008),23.23340471
Difference from HDI value (%) (2009),23.03609342
Difference from HDI value (%) (2010),24.12698413
Difference from HDI value (%) (2011),27.48414376
Difference from HDI value (%) (2012),25.92202318
Difference from HDI value (%) (2013),25.84033613
Difference from HDI value (%) (2014),24.16317992
Difference from HDI value (%) (2015),24.03343783
Difference from HDI value (%) (2016),24.60896767
Difference from HDI value (%) (2017),24.16666667
Difference from HDI value (%) (2018),23.28482328
Difference from HDI value (%) (2019),23.10880829
Difference from HDI value (%) (2020),24.0913811
Difference from HDI value (%) (2021),24.79338843
Difference from HDI value (%) (2022),23.80952381
Difference from HDI value (%) (2023),24.53608247
Carbon dioxide emissions per capita (production) (tonnes) (1990),6.577863439
Carbon dioxide emissions per capita (production) (tonnes) (1991),6.788672855
Carbon dioxide emissions per capita (production) (tonnes) (1992),6.695227929
Carbon dioxide emissions per capita (production) (tonnes) (1993),6.287404732
Carbon dioxide emissions per capita (production) (tonnes) (1994),6.10303484
Carbon dioxide emissions per capita (production) (tonnes) (1995),6.168239277
Carbon dioxide emissions per capita (production) (tonnes) (1996),6.239027986
Carbon dioxide emissions per capita (production) (tonnes) (1997),6.07391169
Carbon dioxide emissions per capita (production) (tonnes) (1998),6.277674822
Carbon dioxide emissions per capita (production) (tonnes) (1999),6.222944253
Carbon dioxide emissions per capita (production) (tonnes) (2000),6.073564698
Carbon dioxide emissions per capita (production) (tonnes) (2001),6.240861702
Carbon dioxide emissions per capita (production) (tonnes) (2002),5.973602621
Carbon dioxide emissions per capita (production) (tonnes) (2003),6.090744863
Carbon dioxide emissions per capita (production) (tonnes) (2004),6.128149932
Carbon dioxide emissions per capita (production) (tonnes) (2005),6.162361251
Carbon dioxide emissions per capita (production) (tonnes) (2006),6.068834691
Carbon dioxide emissions per capita (production) (tonnes) (2007),5.748959414
Carbon dioxide emissions per capita (production) (tonnes) (2008),5.851900321
Carbon dioxide emissions per capita (production) (tonnes) (2009),5.627233123
Carbon dioxide emissions per capita (production) (tonnes) (2010),5.757043683
Carbon dioxide emissions per capita (production) (tonnes) (2011),5.179217953
Carbon dioxide emissions per capita (production) (tonnes) (2012),5.282876953
Carbon dioxide emissions per capita (production) (tonnes) (2013),5.337467996
Carbon dioxide emissions per capita (production) (tonnes) (2014),4.790193106
Carbon dioxide emissions per capita (production) (tonnes) (2015),4.675229771
Carbon dioxide emissions per capita (production) (tonnes) (2016),4.67843989
Carbon dioxide emissions per capita (production) (tonnes) (2017),4.515642853
Carbon dioxide emissions per capita (production) (tonnes) (2018),4.329001787
Carbon dioxide emissions per capita (production) (tonnes) (2019),4.282015414
Carbon dioxide emissions per capita (production) (tonnes) (2020),3.962233289
Carbon dioxide emissions per capita (production) (tonnes) (2021),4.11668722
Carbon dioxide emissions per capita (production) (tonnes) (2022),3.754820106
Carbon dioxide emissions per capita (production) (tonnes) (2023),3.721556421
Material footprint per capita (tonnes) (1990),31.5487
Material footprint per capita (tonnes) (1991),27.9616
Material footprint per capita (tonnes) (1992),28.336
Material footprint per capita (tonnes) (1993),27.687
Material footprint per capita (tonnes) (1994),29.3897
Material footprint per capita (tonnes) (1995),29.8956
Material footprint per capita (tonnes) (1996),28.6286
Material footprint per capita (tonnes) (1997),27.9601
Material footprint per capita (tonnes) (1998),29.5616
Material footprint per capita (tonnes) (1999),30.2088
Material footprint per capita (tonnes) (2000),30.7715
Material footprint per capita (tonnes) (2001),31.2917
Material footprint per capita (tonnes) (2002),29.3711
Material footprint per capita (tonnes) (2003),29.8833
Material footprint per capita (tonnes) (2004),30.3714
Material footprint per capita (tonnes) (2005),33.3522
Material footprint per capita (tonnes) (2006),34.1364
Material footprint per capita (tonnes) (2007),34.8273
Material footprint per capita (tonnes) (2008),35.0443
Material footprint per capita (tonnes) (2009),34.9758
Material footprint per capita (tonnes) (2010),36.7873
Material footprint per capita (tonnes) (2011),43.5819
Material footprint per capita (tonnes) (2012),40.5849
Material footprint per capita (tonnes) (2013),40.3587
Material footprint per capita (tonnes) (2014),38.0457
Material footprint per capita (tonnes) (2015),37.8704
Material footprint per capita (tonnes) (2016),38.8427
Material footprint per capita (tonnes) (2017),38.2827
Material footprint per capita (tonnes) (2018),36.8805
Material footprint per capita (tonnes) (2019),36.6818
Material footprint per capita (tonnes) (2020),38.8436
Material footprint per capita (tonnes) (2021),39.9105
Material footprint per capita (tonnes) (2022),38.6186
Material footprint per capita (tonnes) (2023),39.829
Period,2005-2009
Total,54.86
Women,54.02
Men,55.86
Share of people with no bias,45.14
Political,21.4
Educational,8.82
Economic,29.38
Physical integrity,29.51